title,price,location,date,link
"Monitor DELL S2725QC 27"" 4K 120Hz IPS USB-C - Garanție decembrie 2027",300 lei,N/A,N/A,https://www.olx.ro/d/oferta/monitor-dell-s2725qc-27-4k-120hz-ips-usb-c-garantie-decembrie-2027-IDkbjL0.html
"Pachet 2 controller xbox cu adaptor usb, acumulatori, suport telefon",450 lei,N/A,N/A,https://www.olx.ro/d/oferta/pachet-2-controller-xbox-cu-adaptor-usb-acumulatori-suport-telefon-IDkaufG.html
Xbox 1t petru peiese defect hdmi,350 lei,N/A,N/A,https://www.olx.ro/d/oferta/xbox-1t-petru-peiese-defect-hdmi-IDkaX8H.html
Controller xbox series defect,125 lei,N/A,N/A,https://www.olx.ro/d/oferta/controller-xbox-series-defect-IDkbnTj.html
Controller xbox one/one s,50 lei,N/A,N/A,https://www.olx.ro/d/oferta/controller-xbox-one-one-s-IDj1VBk.html
"Xbox 360 defect, pentru piese",150 lei,N/A,N/A,https://www.olx.ro/d/oferta/xbox-360-defect-pentru-piese-IDkbhRV.html
controller xbox one (series),150 lei,N/A,N/A,https://www.olx.ro/d/oferta/controller-xbox-one-series-IDjPVSS.html
Consolă Xbox original,500 lei,N/A,N/A,https://www.olx.ro/d/oferta/consola-xbox-original-IDk7FJG.html
Xbox 360 stare foarte buna,250 lei,N/A,N/A,https://www.olx.ro/d/oferta/xbox-360-stare-foarte-buna-IDk9uOp.html
Joc Arcade Mortal Kombat x Supreme,000 lei,N/A,N/A,https://www.olx.ro/d/oferta/joc-arcade-mortal-kombat-x-supreme-IDjTZAY.html
"Kinect Xbox One original, complet, funcțional, stare bună",150 lei,N/A,N/A,https://www.olx.ro/d/oferta/kinect-xbox-one-original-complet-functional-stare-buna-IDkaU46.html
xbox one 1540 si one s a1681,1681200 lei,N/A,N/A,https://www.olx.ro/d/oferta/xbox-one-1540-si-one-s-a1681-IDjqezN.html
Controller Xbox 360 wireless,65 lei,N/A,N/A,https://www.olx.ro/d/oferta/controller-xbox-360-wireless-IDk8Hp4.html
Vand volan xbox 360 si pc,150 lei,N/A,N/A,https://www.olx.ro/d/oferta/vand-volan-xbox-360-si-pc-IDjJDLz.html
Xbox 360 FAT Revizuit Complet – Silențios / Fără Încălzire –Controller,270 lei,N/A,N/A,https://www.olx.ro/d/oferta/xbox-360-fat-revizuit-complet-silentios-fara-incalzire-controller-IDk0wEU.html
Xbox one 500 GB pentru piese,60 lei,N/A,N/A,https://www.olx.ro/d/oferta/xbox-one-500-gb-pentru-piese-IDk3SQH.html
"Controller Wireless Microsoft Xbox Series X/S, Blue pentru piese",120 lei,N/A,N/A,https://www.olx.ro/d/oferta/controller-wireless-microsoft-xbox-series-x-s-blue-pentru-piese-IDj6BOB.html
Alimentare Xbox 360 e,70 lei,N/A,N/A,https://www.olx.ro/d/oferta/alimentare-xbox-360-e-IDk8OuM.html
Thrustmaster volan T-GT 2 pedale T-LCM schimbator TH8A,500 lei,N/A,N/A,https://www.olx.ro/d/oferta/thrustmaster-volan-t-gt-2-pedale-t-lcm-schimbator-th8a-IDk6Oh8.html
Vând XBOX360 cu kineto+11 jocuri,470 lei,N/A,N/A,https://www.olx.ro/d/oferta/vand-xbox360-cu-kineto-11-jocuri-IDk7O2n.html
Xbox 360 in stare foarte bună,300 lei,N/A,N/A,https://www.olx.ro/d/oferta/xbox-360-in-stare-foarte-buna-IDk7FbM.html
Vând joystick Xbox one pentru calculator,200 lei,N/A,N/A,https://www.olx.ro/d/oferta/vand-joystick-xbox-one-pentru-calculator-IDj1rlg.html
X Box One cu 23 jocuri incluse,600 lei,N/A,N/A,https://www.olx.ro/d/oferta/x-box-one-cu-23-jocuri-incluse-IDkaF7u.html
Vând controler xbox one s urgenttt!!!,100 lei,N/A,N/A,https://www.olx.ro/d/oferta/vand-controler-xbox-one-s-urgenttt-IDkb4w1.html
Controller Xbox One S,150 lei,N/A,N/A,https://www.olx.ro/d/oferta/controller-xbox-one-s-IDfCkjS.html
Volan cu pedale Xbox Wireless,200 lei,N/A,N/A,https://www.olx.ro/d/oferta/volan-cu-pedale-xbox-wireless-IDjSEfd.html
Controller Xbox 360 (pe fir),65 lei,N/A,N/A,https://www.olx.ro/d/oferta/controller-xbox-360-pe-fir-IDk9wiY.html
Controller joystyck xbox + baterie Myria,100 lei,N/A,N/A,https://www.olx.ro/d/oferta/controller-joystyck-xbox-baterie-myria-IDjVz0y.html
Thrustmastet tmx + schimbator,650 lei,N/A,N/A,https://www.olx.ro/d/oferta/thrustmastet-tmx-schimbator-IDk6t4V.html
Xbox 360 +15jocuri+volan și pedale+doua console +kinect,100 lei,N/A,N/A,https://www.olx.ro/d/oferta/xbox-360-15jocuri-volan-si-pedale-doua-console-kinect-IDk9n6T.html
Watch Dogs 2  Xbox  in stare foarte bună,50 lei,N/A,N/A,https://www.olx.ro/d/oferta/watch-dogs-2-xbox-in-stare-foarte-buna-IDj9Vdq.html
2 manete originale consola xbox360,360200 lei,N/A,N/A,https://www.olx.ro/d/oferta/2-manete-originale-consola-xbox360-IDjESUZ.html
Nothing Phone 1  schimb cu Xbox/PS/PC,800 lei,N/A,N/A,https://www.olx.ro/d/oferta/nothing-phone-1-schimb-cu-xbox-ps-pc-IDk8Tcj.html
Xbox si o maneta,700 lei,N/A,N/A,https://www.olx.ro/d/oferta/xbox-si-o-maneta-IDkbfnG.html
ROG ALLY Z1 Extreme – cutie + încărcător original + accesorii,800 lei,N/A,N/A,https://www.olx.ro/d/oferta/rog-ally-z1-extreme-cutie-incarcator-original-accesorii-IDk9NZK.html
vand kinect 2 defect (pentru piese) + alimentator+cablu date,120 lei,N/A,N/A,https://www.olx.ro/d/oferta/vand-kinect-2-defect-pentru-piese-alimentator-cablu-date-IDk2dZo.html
"Turtle Beach Xbox, PC - Velocity One. Sistem de control universal.",200 lei,N/A,N/A,https://www.olx.ro/d/oferta/turtle-beach-xbox-pc-velocity-one-sistem-de-control-universal-IDkaTSS.html
controller xbox ediție specială,200 lei,N/A,N/A,https://www.olx.ro/d/oferta/controller-xbox-editie-speciala-IDk8yIM.html
Forza Horizont 4 Xbox One,150 lei,N/A,N/A,https://www.olx.ro/d/oferta/forza-horizont-4-xbox-one-IDk1bi5.html
"Xbox series S 512gb, 1 controller",N/A,N/A,N/A,https://www.olx.ro/d/oferta/xbox-series-s-512gb-1-controller-IDkaoMF.html
SURSA alimentare alimentator incarcator Xbox ONE 17.9A,80 lei,N/A,N/A,https://www.olx.ro/d/oferta/sursa-alimentare-alimentator-incarcator-xbox-one-17-9a-IDiBUTv.html
Controller Xbox Turtle Beach,170 lei,N/A,N/A,https://www.olx.ro/d/oferta/controller-xbox-turtle-beach-IDkaXws.html
Jocuri pt Xbox One,50 lei,N/A,N/A,https://www.olx.ro/d/oferta/jocuri-pt-xbox-one-IDk8dNj.html
Casti xbox wireless,350 lei,N/A,N/A,https://www.olx.ro/d/oferta/casti-xbox-wireless-IDk4lxP.html
Controlere XBOX Wireless,300 lei,N/A,N/A,https://www.olx.ro/d/oferta/controlere-xbox-wireless-IDjRkbj.html
Vând jocuri de Xbox 360,36050 lei,N/A,N/A,https://www.olx.ro/d/oferta/vand-jocuri-de-xbox-360-IDk6ifd.html
Xbox 360 S 250 GB,450 lei,N/A,N/A,https://www.olx.ro/d/oferta/xbox-360-s-250-gb-IDkaESs.html
"Monitor DELL S2725QC 27"" 4K 120Hz IPS USB-C - Garanție decembrie 2027",300 lei,N/A,N/A,https://www.olx.ro/d/oferta/monitor-dell-s2725qc-27-4k-120hz-ips-usb-c-garantie-decembrie-2027-IDkbjL0.html
Consola Xbox 360 S cu accesorii si jocuri (descriere),930 lei,N/A,N/A,https://www.olx.ro/d/oferta/consola-xbox-360-s-cu-accesorii-si-jocuri-descriere-IDk8oa7.html
Steamdeck lcd 256gb + micro sd Samsung 512gb,750 lei,N/A,N/A,https://www.olx.ro/d/oferta/steamdeck-lcd-256gb-micro-sd-samsung-512gb-IDk8rl1.html
Xbox  jocuri  one s x,249 lei,N/A,N/A,https://www.olx.ro/d/oferta/xbox-jocuri-one-s-x-IDk7Dpn.html
TV SmartTech/Monitor de 24 inch (diagonală ~60 cm) Full HD,230 lei,N/A,N/A,https://www.olx.ro/d/oferta/tv-smarttech-monitor-de-24-inch-diagonala-60-cm-full-hd-IDkaYr2.html
Volan Thrustmaster Ferrari SF1000 ADD-ON ( Vezi Descrierea ),400 lei,N/A,N/A,https://www.olx.ro/d/oferta/volan-thrustmaster-ferrari-sf1000-add-on-vezi-descrierea-IDk7cjL.html
xbox 360 de culoare negru inchis lucios,350 lei,N/A,N/A,https://www.olx.ro/d/oferta/xbox-360-de-culoare-negru-inchis-lucios-IDk9dzr.html
Controller Xbox Series TMR GuliKit,300 lei,N/A,N/A,https://www.olx.ro/d/oferta/controller-xbox-series-tmr-gulikit-IDk6jJm.html
Casti stereo XBOX pentru consola,190 lei,N/A,N/A,https://www.olx.ro/d/oferta/casti-stereo-xbox-pentru-consola-IDk8Tyr.html
Vand controller xbox,150 lei,N/A,N/A,https://www.olx.ro/d/oferta/vand-controller-xbox-IDjaWwA.html
"Xbox  S , aproape nou",000 lei,N/A,N/A,https://www.olx.ro/d/oferta/xbox-s-aproape-nou-IDk8Yn9.html
Controller Xbox 2025,2025200 lei,N/A,N/A,https://www.olx.ro/d/oferta/controller-xbox-2025-IDkasBl.html
"Pachet 2 controller xbox cu adaptor usb, acumulatori, suport telefon",450 lei,N/A,N/A,https://www.olx.ro/d/oferta/pachet-2-controller-xbox-cu-adaptor-usb-acumulatori-suport-telefon-IDkaufG.html
Hard disc nj ce e dar știu ca e de la xbox 360,360140 lei,N/A,N/A,https://www.olx.ro/d/oferta/hard-disc-nj-ce-e-dar-stiu-ca-e-de-la-xbox-360-IDkbbow.html
Maneta de Xbox one,200 lei,N/A,N/A,https://www.olx.ro/d/oferta/maneta-de-xbox-one-IDiZovh.html
Controler Xbox cablu USB,100 lei,N/A,N/A,https://www.olx.ro/d/oferta/controler-xbox-cablu-usb-IDk7SXT.html
Xbox 360+jocuri(citiți descrierea),300 lei,N/A,N/A,https://www.olx.ro/d/oferta/xbox-360-jocuricititi-descrierea-IDk8SwZ.html
Vand volan Myria,450 lei,N/A,N/A,https://www.olx.ro/d/oferta/vand-volan-myria-IDkaYxX.html
Cyberpunk 2077 xbox,150 lei,N/A,N/A,https://www.olx.ro/d/oferta/cyberpunk-2077-xbox-IDk6iuw.html
Controller XBOX Myria,40 lei,N/A,N/A,https://www.olx.ro/d/oferta/controller-xbox-myria-IDk4Gmn.html
Console de vanzare,500 lei,N/A,N/A,https://www.olx.ro/d/oferta/console-de-vanzare-IDjoIVP.html
Xbox 360 cu kinect,600 lei,N/A,N/A,https://www.olx.ro/d/oferta/xbox-360-cu-kinect-IDgZ4mT.html
Schimb cu ps sau x box boxa activa monitor de scena merge ff bn,550 lei,N/A,N/A,https://www.olx.ro/d/oferta/schimb-cu-ps-sau-x-box-boxa-activa-monitor-de-scena-merge-ff-bn-IDkaFWv.html
Kinect senzor xbox 360 + joc Adventures,120 lei,N/A,N/A,https://www.olx.ro/d/oferta/kinect-senzor-xbox-360-joc-adventures-IDhosBr.html
Vând sau schimb Trotineta electrica JRH,400 lei,N/A,N/A,https://www.olx.ro/d/oferta/vand-sau-schimb-trotineta-electrica-jrh-IDk4rlx.html
Audi a4 2012 euro 5 2.0tdi,2012 eur,N/A,N/A,https://www.olx.ro/d/oferta/audi-a4-2012-euro-5-2-0tdi-IDkbfaH.html
360 xbox  modat în service LG,599 lei,N/A,N/A,https://www.olx.ro/d/oferta/360-xbox-modat-in-service-lg-IDiKJx2.html
Farming Simulator 2019 premium edition,110 lei,N/A,N/A,https://www.olx.ro/d/oferta/farming-simulator-2019-premium-edition-IDjDyLX.html
Thrustmaster eSwap xR Pro ForzaHorizon edition,600 lei,N/A,N/A,https://www.olx.ro/d/oferta/thrustmaster-eswap-xr-pro-forzahorizon-edition-IDk4QWS.html
Set analog 3D joystick controller PS4/PS4 PRO/Xbox One - de calitate,30 lei,N/A,N/A,https://www.olx.ro/d/oferta/set-analog-3d-joystick-controller-ps4-ps4-pro-xbox-one-de-calitate-IDhZqGs.html
Laptop Lenovo Gaming 15.6'' Legion 5 15ARH05 120Hz,200 lei,N/A,N/A,https://www.olx.ro/d/oferta/laptop-lenovo-gaming-15-6-legion-5-15arh05-120hz-IDk7wwy.html
Controller xbox series,220 lei,N/A,N/A,https://www.olx.ro/d/oferta/controller-xbox-series-IDkbeoi.html
Căști Gaming Wireless Turtle Beach Stealth 700X Gen 2 – Xbox – Ca noi,500 lei,N/A,N/A,https://www.olx.ro/d/oferta/casti-gaming-wireless-turtle-beach-stealth-700x-gen-2-xbox-ca-noi-IDkaqnT.html
"Controller RAZER Wolverine V3 Tournament Edition, PC, Xbox, negru",450 lei,N/A,N/A,https://www.olx.ro/d/oferta/controller-razer-wolverine-v3-tournament-edition-pc-xbox-negru-IDk8j4d.html
Steelbook Ps4/Ps5,5200 lei,N/A,N/A,https://www.olx.ro/d/oferta/steelbook-ps4-ps5-IDka1DZ.html
Volan Logitech G923 Driving Force + Pedale și Schimbător,100 lei,N/A,N/A,https://www.olx.ro/d/oferta/volan-logitech-g923-driving-force-pedale-si-schimbator-IDk8ZPN.html
Vand casti TurtleBeach stealth 700 gen 2,2120 lei,N/A,N/A,https://www.olx.ro/d/oferta/vand-casti-turtlebeach-stealth-700-gen-2-IDjHTha.html
Combo Gaming: Căști ASUS ROG Delta Core + Placă Sunet Creative Sound B,380 lei,N/A,N/A,https://www.olx.ro/d/oferta/combo-gaming-casti-asus-rog-delta-core-placa-sunet-creative-sound-b-IDk7OCO.html
Controller Xbox,200 lei,N/A,N/A,https://www.olx.ro/d/oferta/controller-xbox-IDka3tE.html
Volan Gaming Myria MG 7400,7400210 lei,N/A,N/A,https://www.olx.ro/d/oferta/volan-gaming-myria-mg-7400-IDk8OId.html
Alimentator Xbox one,150 lei,N/A,N/A,https://www.olx.ro/d/oferta/alimentator-xbox-one-IDjmT8t.html
Volan gaming cu pedale – PC/PS4 – garanție-URGENT,200 lei,N/A,N/A,https://www.olx.ro/d/oferta/volan-gaming-cu-pedale-pc-ps4-garantie-urgent-IDk8C3P.html
Controler xbox casti,250 lei,N/A,N/A,https://www.olx.ro/d/oferta/controler-xbox-casti-IDk9b87.html
Joc de xbox one Fast and Furious,90 lei,N/A,N/A,https://www.olx.ro/d/oferta/joc-de-xbox-one-fast-and-furious-IDk1rbH.html
Casti astro A50 Gen4,4195 lei,N/A,N/A,https://www.olx.ro/d/oferta/casti-astro-a50-gen4-IDjqf7z.html
monitor samsung 4k,850 lei,N/A,N/A,https://www.olx.ro/d/oferta/monitor-samsung-4k-IDk3Q4r.html
Tom Clancy s The Division (xbox),50 lei,N/A,N/A,https://www.olx.ro/d/oferta/tom-clancy-s-the-division-xbox-IDk1Pan.html
Gamepad Samsung PowerA MOGA XP5-APlusBluetoothControllerAndroidWindows,150 lei,N/A,N/A,https://www.olx.ro/d/oferta/gamepad-samsung-powera-moga-xp5-aplusbluetoothcontrollerandroidwindows-IDjgOlV.html
"TV Philips AMBILIGHT 43PUS8505/12 (model 109 cm, seria „The One” – 850",100 lei,N/A,N/A,https://www.olx.ro/d/oferta/tv-philips-ambilight-43pus8505-12-model-109-cm-seria-the-one-850-IDkakXO.html
Controler Xbox one,200 lei,N/A,N/A,https://www.olx.ro/d/oferta/controler-xbox-one-IDjlEPz.html
Borseta copii Zara consola xbox,70 lei,N/A,N/A,https://www.olx.ro/d/oferta/borseta-copii-zara-consola-xbox-IDjtJ0X.html
Fifa 21 Xbox one,50 lei,N/A,N/A,https://www.olx.ro/d/oferta/fifa-21-xbox-one-IDgY3eP.html
Volan Hori overdrive,450 lei,N/A,N/A,https://www.olx.ro/d/oferta/volan-hori-overdrive-IDk88rO.html
Casti Gaming Wireless RAZER Thresher 7.1 RC30-022302 PC/PS4/PS5/Xbox,300 lei,N/A,N/A,https://www.olx.ro/d/oferta/casti-gaming-wireless-razer-thresher-7-1-rc30-022302-pc-ps4-ps5-xbox-IDkbhtc.html
"Turtle Beach 700 gen 2 max, Recon 70, Atlas One, LOT de Casti",250 lei,N/A,N/A,https://www.olx.ro/d/oferta/turtle-beach-700-gen-2-max-recon-70-atlas-one-lot-de-casti-IDif3eM.html
Controler Xbox functional,280 lei,N/A,N/A,https://www.olx.ro/d/oferta/controler-xbox-functional-IDjXtwu.html
RAM Kingston 8 GB 2133mhz CL15,15100 lei,N/A,N/A,https://www.olx.ro/d/oferta/ram-kingston-8-gb-2133mhz-cl15-IDk7Zko.html
Volan gaming Myria MG 7400,7400300 lei,N/A,N/A,https://www.olx.ro/d/oferta/volan-gaming-myria-mg-7400-IDk7xVE.html
Volan Gaming Myria Negru,"329,99 lei",N/A,N/A,https://www.olx.ro/d/oferta/volan-gaming-myria-negru-IDk8wGh.html
Laptop Gaming ASUS ROG Zephyrus M16 GU603ZX plus accesorii gaming,500 lei,N/A,N/A,https://www.olx.ro/d/oferta/laptop-gaming-asus-rog-zephyrus-m16-gu603zx-plus-accesorii-gaming-IDgWjec.html
"Hdd 500 gb laptop , Xbox , Playstation",100 lei,N/A,N/A,https://www.olx.ro/d/oferta/hdd-500-gb-laptop-xbox-playstation-IDgNV0n.html
Joc  cat&mouse +4 ani,50 lei,N/A,N/A,https://www.olx.ro/d/oferta/joc-cat-mouse-4-ani-IDh1K09.html
Vand Mandragora Whispers of witch tree Ps5,5120 lei,N/A,N/A,https://www.olx.ro/d/oferta/vand-mandragora-whispers-of-witch-tree-ps5-IDk9p72.html
"Playstation4 pro defect, jocuri, manete +auxiliare",700 lei,N/A,N/A,https://www.olx.ro/d/oferta/playstation4-pro-defect-jocuri-manete-auxiliare-IDkbkvu.html
SONY PlayStation 4 in stare f buna + maneta,499 lei,N/A,N/A,https://www.olx.ro/d/oferta/sony-playstation-4-in-stare-f-buna-maneta-IDjOqtN.html
Playstation 4 defecte,150 lei,N/A,N/A,https://www.olx.ro/d/oferta/playstation-4-defecte-IDk52eX.html
Playstation 2  + maneta + joc  mobila copi,150 lei,N/A,N/A,https://www.olx.ro/d/oferta/playstation-2-maneta-joc-mobila-copi-IDj8YfQ.html
Ps4 Slim defect pt piese sau reparat,250 lei,N/A,N/A,https://www.olx.ro/d/oferta/ps4-slim-defect-pt-piese-sau-reparat-IDkbbw8.html
Playstation 4 pro ultimu model aparut garantie 30 zile ps 4 4k,850 lei,N/A,N/A,https://www.olx.ro/d/oferta/playstation-4-pro-ultimu-model-aparut-garantie-30-zile-ps-4-4k-IDeavPV.html
"Ps4 slim defect , de piese sau reparat",250 lei,N/A,N/A,https://www.olx.ro/d/oferta/ps4-slim-defect-de-piese-sau-reparat-IDkbbuK.html
Playstation 4 Pro 1TB + 2 manete + cabluri + 200+ jocuri,900 lei,N/A,N/A,https://www.olx.ro/d/oferta/playstation-4-pro-1tb-2-manete-cabluri-200-jocuri-IDkaODQ.html
3 placi de alimentare PlayStation2 defecte - lot,80 lei,N/A,N/A,https://www.olx.ro/d/oferta/3-placi-de-alimentare-playstation2-defecte-lot-IDkbl9h.html
"Controller Wireless PS5 DualSense maneta PlayStation 5, fara defect",250 lei,N/A,N/A,https://www.olx.ro/d/oferta/controller-wireless-ps5-dualsense-maneta-playstation-5-fara-defect-IDjVnFZ.html
Playstation 4 slim pret fix,550 lei,N/A,N/A,https://www.olx.ro/d/oferta/playstation-4-slim-pret-fix-IDk50ef.html
Maneta controller PlayStation 4 PS4 | Fgames,150 lei,N/A,N/A,https://www.olx.ro/d/oferta/maneta-controller-playstation-4-ps4-fgames-IDjWQXJ.html
"Pachet 2 controller xbox cu adaptor usb, acumulatori, suport telefon",450 lei,N/A,N/A,https://www.olx.ro/d/oferta/pachet-2-controller-xbox-cu-adaptor-usb-acumulatori-suport-telefon-IDkaufG.html
PS 4 cu 2 manete,550 lei,N/A,N/A,https://www.olx.ro/d/oferta/ps-4-cu-2-manete-IDk9iJj.html
Consola PlayStation 5 Slim Digital Edition 1TB,100 lei,N/A,N/A,https://www.olx.ro/d/oferta/consola-playstation-5-slim-digital-edition-1tb-IDkbnvN.html
Vând PlayStațion2,2150 lei,N/A,N/A,https://www.olx.ro/d/oferta/vand-playstation2-IDk8EMj.html
Vand controller wireless dual sense Playstation 5,5300 lei,N/A,N/A,https://www.olx.ro/d/oferta/vand-controller-wireless-dual-sense-playstation-5-IDji2IM.html
Controller PlayStation 5 PS5 dualsense fara stickdrift cu garantie,150 lei,N/A,N/A,https://www.olx.ro/d/oferta/controller-playstation-5-ps5-dualsense-fara-stickdrift-cu-garantie-IDjTBF0.html
Kukirin g2 master custom 2025,N/A,N/A,N/A,https://www.olx.ro/d/oferta/kukirin-g2-master-custom-2025-IDk42UZ.html
"Maneta Controller PlayStation 5, PS5 | Fgames",250 lei,N/A,N/A,https://www.olx.ro/d/oferta/maneta-controller-playstation-5-ps5-fgames-IDjWQOu.html
Controller playstation 5 NOU,199 lei,N/A,N/A,https://www.olx.ro/d/oferta/controller-playstation-5-nou-IDkaO83.html
Controller PlayStation 5 DualSense Edge – cutie completă,650 lei,N/A,N/A,https://www.olx.ro/d/oferta/controller-playstation-5-dualsense-edge-cutie-completa-IDka0LL.html
Vand Playstation 5 Slim 1TB | Doua controllere,950 lei,N/A,N/A,https://www.olx.ro/d/oferta/vand-playstation-5-slim-1tb-doua-controllere-IDkasrV.html
Monitor gaming DELL Curbat 144hz 27 de inchi,550 lei,N/A,N/A,https://www.olx.ro/d/oferta/monitor-gaming-dell-curbat-144hz-27-de-inchi-IDkaXEB.html
Controller Maneta PS5 PlayStation 5 - Schimb cu Controller Defect,249 lei,N/A,N/A,https://www.olx.ro/d/oferta/controller-maneta-ps5-playstation-5-schimb-cu-controller-defect-IDiZIdS.html
Vând PS 3 în stare foarte buna preț este negociabil,N/A,N/A,N/A,https://www.olx.ro/d/oferta/vand-ps-3-in-stare-foarte-buna-pret-este-negociabil-IDk98kg.html
PS 4 Slim 500 gb,650 lei,N/A,N/A,https://www.olx.ro/d/oferta/ps-4-slim-500-gb-IDkaESv.html
PlayStation VR2 + controller,500 lei,N/A,N/A,https://www.olx.ro/d/oferta/playstation-vr2-controller-IDkbk7l.html
PlayStation 4 Slim 1TB + Camo Controller + 3 Jocuri TOP,600 lei,N/A,N/A,https://www.olx.ro/d/oferta/playstation-4-slim-1tb-camo-controller-3-jocuri-top-IDjQWmV.html
PlayStation 5 + jocuri,650 lei,N/A,N/A,https://www.olx.ro/d/oferta/playstation-5-jocuri-IDk8seR.html
Jocuri ieftine pentru PlayStation 5,5500 lei,N/A,N/A,https://www.olx.ro/d/oferta/jocuri-ieftine-pentru-playstation-5-IDkbfvR.html
PlayStation 4 Pro 4k–Nu ca alte console de pe OLX – Curățare Profi,100 lei,N/A,N/A,https://www.olx.ro/d/oferta/playstation-4-pro-4knu-ca-alte-console-de-pe-olx-curatare-profi-IDk0wdt.html
Controller PlayStation 5 Dualsense 30th Anniversary cu garantie.,450 lei,N/A,N/A,https://www.olx.ro/d/oferta/controller-playstation-5-dualsense-30th-anniversary-cu-garantie-IDkb8wu.html
vand/schimb ps 4,"309,73 lei",N/A,N/A,https://www.olx.ro/d/oferta/vand-schimb-ps-4-IDkbkOh.html
nu raspund la numere privata cei care sunteti interesati sunati,450 lei,N/A,N/A,https://www.olx.ro/d/oferta/nu-raspund-la-numere-privata-cei-care-sunteti-interesati-sunati-IDk9J2q.html
Ps vita slim 128 gb modat full box,900 lei,N/A,N/A,https://www.olx.ro/d/oferta/ps-vita-slim-128-gb-modat-full-box-IDk9uE0.html
Vand Mandragora Whispers of witch tree Ps5,5120 lei,N/A,N/A,https://www.olx.ro/d/oferta/vand-mandragora-whispers-of-witch-tree-ps5-IDk9p72.html
Sony PlayStation,200 lei,N/A,N/A,https://www.olx.ro/d/oferta/sony-playstation-IDcMVzy.html
PS 5 disc edition 1TB,"827,99 lei",N/A,N/A,https://www.olx.ro/d/oferta/ps-5-disc-edition-1tb-IDk8wKk.html
Volan hori ps4/pc defect,150 lei,N/A,N/A,https://www.olx.ro/d/oferta/volan-hori-ps4-pc-defect-IDk5OJo.html
Controller PlayStation 5 DualSense ps5 Silver FullBox,200 lei,N/A,N/A,https://www.olx.ro/d/oferta/controller-playstation-5-dualsense-ps5-silver-fullbox-IDkaA1x.html
SONY PlayStation 2 / PS2 SLIM set complet de colectie + 1 joc,449 lei,N/A,N/A,https://www.olx.ro/d/oferta/sony-playstation-2-ps2-slim-set-complet-de-colectie-1-joc-IDjs0qE.html
Consola playstation 4,4500 lei,N/A,N/A,https://www.olx.ro/d/oferta/consola-playstation-4-IDk9HSe.html
Thrustmaster volan T-GT 2 pedale T-LCM schimbator TH8A,500 lei,N/A,N/A,https://www.olx.ro/d/oferta/thrustmaster-volan-t-gt-2-pedale-t-lcm-schimbator-th8a-IDk6Oh8.html
"PlayStation 4 Slim 500GB – pachet complet, stare foarte bună",700 lei,N/A,N/A,https://www.olx.ro/d/oferta/playstation-4-slim-500gb-pachet-complet-stare-foarte-buna-IDk8ChK.html
Citeste tot anuntul! Controller Playstation 5 original la cutie,300 lei,N/A,N/A,https://www.olx.ro/d/oferta/citeste-tot-anuntul-controller-playstation-5-original-la-cutie-IDgH340.html
"Controller Wireless SONY PlayStation DualShock 4 V2, Jet Black",160 lei,N/A,N/A,https://www.olx.ro/d/oferta/controller-wireless-sony-playstation-dualshock-4-v2-jet-black-IDjlMsP.html
Play Station 5 1Tb,000 lei,N/A,N/A,https://www.olx.ro/d/oferta/play-station-5-1tb-IDkb6bF.html
Ultimate ears megaboom,300 lei,N/A,N/A,https://www.olx.ro/d/oferta/ultimate-ears-megaboom-IDjw1Db.html
[PS4] Vând manetă/manete/controllere/joystick ORIGINALE PlayStation 4,499 lei,N/A,N/A,https://www.olx.ro/d/oferta/ps4-vand-maneta-manete-controllere-joystick-originale-playstation-4-IDjQdzv.html
Vand ps 4 slim stare foarte buna defecte:maneta nu merge,800 lei,N/A,N/A,https://www.olx.ro/d/oferta/vand-ps-4-slim-stare-foarte-buna-defectemaneta-nu-merge-IDk90CA.html
PlayStation 4 + controler,700 lei,N/A,N/A,https://www.olx.ro/d/oferta/playstation-4-controler-IDk0I53.html
Playstation 5 Slim Digital 1 TB + Playstation Portal,599 lei,N/A,N/A,https://www.olx.ro/d/oferta/playstation-5-slim-digital-1-tb-playstation-portal-IDkboE7.html
Vând PlayStation 4 fat,700 lei,N/A,N/A,https://www.olx.ro/d/oferta/vand-playstation-4-fat-IDk8eu6.html
"Maneta Controller PlayStation 5, PS5 | Fgames",250 lei,N/A,N/A,https://www.olx.ro/d/oferta/maneta-controller-playstation-5-ps5-fgames-IDjWQOu.html
Vând Joc Playstation,150 lei,N/A,N/A,https://www.olx.ro/d/oferta/vand-joc-playstation-IDk7kvu.html
Maneta Controller PlayStation 5 fara drift PS5 DualSense,150 lei,N/A,N/A,https://www.olx.ro/d/oferta/maneta-controller-playstation-5-fara-drift-ps5-dualsense-IDjSCbC.html
Volan Logitech G27 + pedale + schimbător,699 lei,N/A,N/A,https://www.olx.ro/d/oferta/volan-logitech-g27-pedale-schimbator-IDk9f2S.html
"Controller Wireless PlayStation 5 DualSense, Black - poze reale",180 lei,N/A,N/A,https://www.olx.ro/d/oferta/controller-wireless-playstation-5-dualsense-black-poze-reale-IDk6pTC.html
Lot Jocuri pentru PlayStation 4 si 5,000 lei,N/A,N/A,https://www.olx.ro/d/oferta/lot-jocuri-pentru-playstation-4-si-5-IDkaGNM.html
Maneta controller PlayStation 4 PS4 | Fgames,150 lei,N/A,N/A,https://www.olx.ro/d/oferta/maneta-controller-playstation-4-ps4-fgames-IDjWQXJ.html
PS 4  cu căști cu 10 jocuri și suport controler,000 lei,N/A,N/A,https://www.olx.ro/d/oferta/ps-4-cu-casti-cu-10-jocuri-si-suport-controler-IDk0XPz.html
Jocuri PlayStation 4,430 lei,N/A,N/A,https://www.olx.ro/d/oferta/jocuri-playstation-4-IDkaQvf.html
Controller original Playstation 5,5299 lei,N/A,N/A,https://www.olx.ro/d/oferta/controller-original-playstation-5-IDk5H99.html
Ghost of Yotei PS5,5270 lei,N/A,N/A,https://www.olx.ro/d/oferta/ghost-of-yotei-ps5-IDk8Cie.html
Playstion 4 defect la mufa de la HDM in rest fuctioneaza bine,500 lei,N/A,N/A,https://www.olx.ro/d/oferta/playstion-4-defect-la-mufa-de-la-hdm-in-rest-fuctioneaza-bine-IDk3MEj.html
Volan Playstation cu pedale toate firele nou nouț fara cutie,400 lei,N/A,N/A,https://www.olx.ro/d/oferta/volan-playstation-cu-pedale-toate-firele-nou-nout-fara-cutie-IDjuoVm.html
Hard Disk Seagate 1TB Mobile (posibil defect),50 lei,N/A,N/A,https://www.olx.ro/d/oferta/hard-disk-seagate-1tb-mobile-posibil-defect-IDk8fGi.html
Când PS 4  stare foarte buna. Cu jocuri,850 lei,N/A,N/A,https://www.olx.ro/d/oferta/cand-ps-4-stare-foarte-buna-cu-jocuri-IDk9eJG.html
Sony PlayStation Portable Slim Modat + Jocuri,350 lei,N/A,N/A,https://www.olx.ro/d/oferta/sony-playstation-portable-slim-modat-jocuri-IDk9rGT.html
Consola Playstation 5 Disc Edition,900 lei,N/A,N/A,https://www.olx.ro/d/oferta/consola-playstation-5-disc-edition-IDk9BVI.html
Steelbook Ps4/Ps5,5200 lei,N/A,N/A,https://www.olx.ro/d/oferta/steelbook-ps4-ps5-IDka1DZ.html
Joc original Sony PS4 PlayStation4 PUBG PlayerUnknown's Battlegrounds,40 lei,N/A,N/A,https://www.olx.ro/d/oferta/joc-original-sony-ps4-playstation4-pubg-playerunknowns-battlegrounds-IDk9668.html
PlayStation 5 slim 825 GB,800 lei,N/A,N/A,https://www.olx.ro/d/oferta/playstation-5-slim-825-gb-IDk92yp.html
Sony playstation 5,100 lei,N/A,N/A,https://www.olx.ro/d/oferta/sony-playstation-5-IDjU26C.html
Mafia Trilogy PS4,4100 lei,N/A,N/A,https://www.olx.ro/d/oferta/mafia-trilogy-ps4-IDk1LL7.html
Play station 5 digital edition 1 Tb 2 joistyckuri /suport incarcator,000 lei,N/A,N/A,https://www.olx.ro/d/oferta/play-station-5-digital-edition-1-tb-2-joistyckuri-suport-incarcator-IDjSW1O.html
Joc ps4 football pes20 stare f buna,99 lei,N/A,N/A,https://www.olx.ro/d/oferta/joc-ps4-football-pes20-stare-f-buna-IDjE7nK.html
Vând Assassin's creed shadows Ps5 Play station 5,5150 lei,N/A,N/A,https://www.olx.ro/d/oferta/vand-assassins-creed-shadows-ps5-play-station-5-IDkamaV.html
R36s - Consolă Retro,199 lei,N/A,N/A,https://www.olx.ro/d/oferta/r36s-consola-retro-IDkaXOp.html
Vând PlayStation 4 Slim,200 lei,N/A,N/A,https://www.olx.ro/d/oferta/vand-playstation-4-slim-IDkaJUU.html
Vand Metro Exodus Aurora Limited Edition,169 lei,N/A,N/A,https://www.olx.ro/d/oferta/vand-metro-exodus-aurora-limited-edition-IDjXvN0.html
Charging Station pentru controller DualSense PS5,570 lei,N/A,N/A,https://www.olx.ro/d/oferta/charging-station-pentru-controller-dualsense-ps5-IDk6EuX.html
Jocuri pentru Ps5,5500 lei,N/A,N/A,https://www.olx.ro/d/oferta/jocuri-pentru-ps5-IDk5gyr.html
Vand ps 5 de 825 de GB,400 lei,N/A,N/A,https://www.olx.ro/d/oferta/vand-ps-5-de-825-de-gb-IDk8NaJ.html
Joc Bloodborne PS4,450 lei,N/A,N/A,https://www.olx.ro/d/oferta/joc-bloodborne-ps4-IDk8mB3.html
Manete cu diferite defecte,15 lei,N/A,N/A,https://www.olx.ro/d/oferta/manete-cu-diferite-defecte-IDk9Inv.html
PlayStation 4 Pro,000 lei,N/A,N/A,https://www.olx.ro/d/oferta/playstation-4-pro-IDk2c7s.html
Controller playstation 5 NOU,199 lei,N/A,N/A,https://www.olx.ro/d/oferta/controller-playstation-5-nou-IDkaO83.html
Joc ps4/Sniper/Horizon/Guardian/Ratchet/Uncharted,80 lei,N/A,N/A,https://www.olx.ro/d/oferta/joc-ps4-sniper-horizon-guardian-ratchet-uncharted-IDhpL5O.html
Playstation 4 silim 500GB,800 lei,N/A,N/A,https://www.olx.ro/d/oferta/playstation-4-silim-500gb-IDkav57.html
spider man Ben Rilley,120 lei,N/A,N/A,https://www.olx.ro/d/oferta/spider-man-ben-rilley-IDk8Oc6.html
Vand FIFA 14 pentru Playstation 4,450 lei,N/A,N/A,https://www.olx.ro/d/oferta/vand-fifa-14-pentru-playstation-4-IDk15Eb.html
Vând Red Dead 2  ps4,4100 lei,N/A,N/A,https://www.olx.ro/d/oferta/vand-red-dead-2-ps4-IDk5loy.html
Joc PS5 God of War Ragnarok,120 lei,N/A,N/A,https://www.olx.ro/d/oferta/joc-ps5-god-of-war-ragnarok-IDkaVhS.html
Elden Ring PS4,4140 lei,N/A,N/A,https://www.olx.ro/d/oferta/elden-ring-ps4-IDkbjCp.html
God Of War Ragnarok,130 lei,N/A,N/A,https://www.olx.ro/d/oferta/god-of-war-ragnarok-IDkbjEv.html
Consola POLYSTATION DUAL SLOT jocuri Mario vintage,400 lei,N/A,N/A,https://www.olx.ro/d/oferta/consola-polystation-dual-slot-jocuri-mario-vintage-IDk6xyi.html
Grand Theft Auto V PS 4,460 lei,N/A,N/A,https://www.olx.ro/d/oferta/grand-theft-auto-v-ps-4-IDk3NA3.html
"Mass Effect Andromeda Playstation4, Playstation 5",560 lei,N/A,N/A,https://www.olx.ro/d/oferta/mass-effect-andromeda-playstation4-playstation-5-IDjEEGZ.html
"Pachet complet Sony PlayStation 2, Sursa, 2 controllere, cablu AV",210 lei,N/A,N/A,https://www.olx.ro/d/oferta/pachet-complet-sony-playstation-2-sursa-2-controllere-cablu-av-IDhTLM4.html
"Play Station 4slim, pro 1 tera.",700 lei,N/A,N/A,https://www.olx.ro/d/oferta/play-station-4slim-pro-1-tera-IDk8uHF.html
Vand Maneta  ps5,5200 lei,N/A,N/A,https://www.olx.ro/d/oferta/vand-maneta-ps5-IDkbnRR.html
"Pachet 4 Jocuri copii Playstation 4, Playstation 5",5200 lei,N/A,N/A,https://www.olx.ro/d/oferta/pachet-4-jocuri-copii-playstation-4-playstation-5-IDk4i1f.html
Playstation 4 slim,950 lei,N/A,N/A,https://www.olx.ro/d/oferta/playstation-4-slim-IDkaG6j.html
Cooler vertical PlayStation 4,4100 lei,N/A,N/A,https://www.olx.ro/d/oferta/cooler-vertical-playstation-4-IDk9zF9.html
Elex 2 PS5 Playstation,50 lei,N/A,N/A,https://www.olx.ro/d/oferta/elex-2-ps5-playstation-IDjX83e.html
PlayStation 5 - 1TB- DISK EDITION + FC 2025,300 lei,N/A,N/A,https://www.olx.ro/d/oferta/playstation-5-1tb-disk-edition-fc-2025-IDk8rZx.html
Samsung S7 Edge Display Capace,850 lei,N/A,N/A,https://www.olx.ro/d/oferta/samsung-s7-edge-display-capace-IDiBlWb.html
Joc Spiderman Miles Morales aproape nou folosit doar 3 zile,100 lei,N/A,N/A,https://www.olx.ro/d/oferta/joc-spiderman-miles-morales-aproape-nou-folosit-doar-3-zile-IDk9Qpz.html
Playstation 5 in stare perfecta,000 lei,N/A,N/A,https://www.olx.ro/d/oferta/playstation-5-in-stare-perfecta-IDk8VCN.html
Controller Scuf Reflex Fps Instant trigger Ps5/Pc,550 lei,N/A,N/A,https://www.olx.ro/d/oferta/controller-scuf-reflex-fps-instant-trigger-ps5-pc-IDkboaA.html
PlayStation 4 Pro ediție limitată Spider-Man și The Last of Us 2,400 lei,N/A,N/A,https://www.olx.ro/d/oferta/playstation-4-pro-editie-limitata-spider-man-si-the-last-of-us-2-IDk1zAj.html
"Yeezy 350 - Black Reflective, marimea 44, noi in cutie",430 lei,N/A,N/A,https://www.olx.ro/d/oferta/yeezy-350-black-reflective-marimea-44-noi-in-cutie-IDk2eSs.html
"PlayStation 4 slim 500gb 2 manete dualshock, stare foarte buna",300 lei,N/A,N/A,https://www.olx.ro/d/oferta/playstation-4-slim-500gb-2-manete-dualshock-stare-foarte-buna-IDkb1IU.html
PlayStation 5 cu disc + SSD M.2 1TB + 2 controllere + căști + stație,200 lei,N/A,N/A,https://www.olx.ro/d/oferta/playstation-5-cu-disc-ssd-m-2-1tb-2-controllere-casti-statie-IDk9nPt.html
Play Station 4 Pro,850 lei,N/A,N/A,https://www.olx.ro/d/oferta/play-station-4-pro-IDkaXMy.html
Ratchet Clank PS4,450 lei,N/A,N/A,https://www.olx.ro/d/oferta/ratchet-clank-ps4-IDkahdV.html
Jocurii pentru ps5,5100 lei,N/A,N/A,https://www.olx.ro/d/oferta/jocurii-pentru-ps5-IDjQZ2w.html
Pachet PlayStation VR2 + Accesorii originale Sony,800 lei,N/A,N/A,https://www.olx.ro/d/oferta/pachet-playstation-vr2-accesorii-originale-sony-IDkbaYN.html
"PlayStation 4, plus 10 jocuri,cablu HDMI,cablu de conectat la priza",500 lei,N/A,N/A,https://www.olx.ro/d/oferta/playstation-4-plus-10-jocuri-cablu-hdmi-cablu-de-conectat-la-priza-IDkaogk.html
3 controllere PS4 / PC / Nintendo Switch – pachet,29 lei,N/A,N/A,https://www.olx.ro/d/oferta/3-controllere-ps4-pc-nintendo-switch-pachet-IDk8uvi.html
"Xbox series S 512gb, 1 controller",N/A,N/A,N/A,https://www.olx.ro/d/oferta/xbox-series-s-512gb-1-controller-IDkaoMF.html
Nintendo Switch RingFit Adventure cu accesorii,220 lei,N/A,N/A,https://www.olx.ro/d/oferta/nintendo-switch-ringfit-adventure-cu-accesorii-IDkav2I.html
Vand Consola Retroid Pocket 5,100 lei,N/A,N/A,https://www.olx.ro/d/oferta/vand-consola-retroid-pocket-5-IDkaAyv.html
Controller nintendo switch,59 lei,N/A,N/A,https://www.olx.ro/d/oferta/controller-nintendo-switch-IDk7yCZ.html
Console de vanzare,500 lei,N/A,N/A,https://www.olx.ro/d/oferta/console-de-vanzare-IDjoIVP.html
Husa Calatorie Nintendo Switch,80 lei,N/A,N/A,https://www.olx.ro/d/oferta/husa-calatorie-nintendo-switch-IDk6oxK.html
Combo Gaming: Căști ASUS ROG Delta Core + Placă Sunet Creative Sound B,380 lei,N/A,N/A,https://www.olx.ro/d/oferta/combo-gaming-casti-asus-rog-delta-core-placa-sunet-creative-sound-b-IDk7OCO.html
ASUS Vivobook X1502ZA_X1502ZA Silver,N/A,N/A,N/A,https://www.olx.ro/d/oferta/asus-vivobook-x1502za-x1502za-silver-IDk99zI.html
Mario + Rabbids Kingdom Battle Nintendo Switch,120 lei,N/A,N/A,https://www.olx.ro/d/oferta/mario-rabbids-kingdom-battle-nintendo-switch-IDj0o9u.html
Husă pentru Nintendo Switch nou-nouță,40 lei,N/A,N/A,https://www.olx.ro/d/oferta/husa-pentru-nintendo-switch-nou-nouta-IDjhQrE.html
HyperX Cloud 3 Wireless,550 lei,N/A,N/A,https://www.olx.ro/d/oferta/hyperx-cloud-3-wireless-IDjUkqe.html
Monitor portabil Premium 2.5K 120HZ SOTSU FlipAction Pro 16” Gen 2,150 lei,N/A,N/A,https://www.olx.ro/d/oferta/monitor-portabil-premium-2-5k-120hz-sotsu-flipaction-pro-16-gen-2-IDkaU7e.html
Controller Fightingbox (leverless tip snackbox sau hitbox),250 lei,N/A,N/A,https://www.olx.ro/d/oferta/controller-fightingbox-leverless-tip-snackbox-sau-hitbox-IDi1sfG.html
"Casti EPOS GTW 270 Hybrid – In-Ear, Wireless + Dongle Low-Latency",260 lei,N/A,N/A,https://www.olx.ro/d/oferta/casti-epos-gtw-270-hybrid-in-ear-wireless-dongle-low-latency-IDk2OG9.html
Husa Calatorie Nintendo Switch,80 lei,N/A,N/A,https://www.olx.ro/d/oferta/husa-calatorie-nintendo-switch-IDk6oxK.html
Combo Gaming: Căști ASUS ROG Delta Core + Placă Sunet Creative Sound B,380 lei,N/A,N/A,https://www.olx.ro/d/oferta/combo-gaming-casti-asus-rog-delta-core-placa-sunet-creative-sound-b-IDk7OCO.html
ASUS Vivobook X1502ZA_X1502ZA Silver,N/A,N/A,N/A,https://www.olx.ro/d/oferta/asus-vivobook-x1502za-x1502za-silver-IDk99zI.html
Mario + Rabbids Kingdom Battle Nintendo Switch,120 lei,N/A,N/A,https://www.olx.ro/d/oferta/mario-rabbids-kingdom-battle-nintendo-switch-IDj0o9u.html
Husă pentru Nintendo Switch nou-nouță,40 lei,N/A,N/A,https://www.olx.ro/d/oferta/husa-pentru-nintendo-switch-nou-nouta-IDjhQrE.html
HyperX Cloud 3 Wireless,550 lei,N/A,N/A,https://www.olx.ro/d/oferta/hyperx-cloud-3-wireless-IDjUkqe.html
Monitor portabil Premium 2.5K 120HZ SOTSU FlipAction Pro 16” Gen 2,150 lei,N/A,N/A,https://www.olx.ro/d/oferta/monitor-portabil-premium-2-5k-120hz-sotsu-flipaction-pro-16-gen-2-IDkaU7e.html
Controller Fightingbox (leverless tip snackbox sau hitbox),250 lei,N/A,N/A,https://www.olx.ro/d/oferta/controller-fightingbox-leverless-tip-snackbox-sau-hitbox-IDi1sfG.html
"Casti EPOS GTW 270 Hybrid – In-Ear, Wireless + Dongle Low-Latency",260 lei,N/A,N/A,https://www.olx.ro/d/oferta/casti-epos-gtw-270-hybrid-in-ear-wireless-dongle-low-latency-IDk2OG9.html
Husa Calatorie Nintendo Switch,80 lei,N/A,N/A,https://www.olx.ro/d/oferta/husa-calatorie-nintendo-switch-IDk6oxK.html
Combo Gaming: Căști ASUS ROG Delta Core + Placă Sunet Creative Sound B,380 lei,N/A,N/A,https://www.olx.ro/d/oferta/combo-gaming-casti-asus-rog-delta-core-placa-sunet-creative-sound-b-IDk7OCO.html
ASUS Vivobook X1502ZA_X1502ZA Silver,N/A,N/A,N/A,https://www.olx.ro/d/oferta/asus-vivobook-x1502za-x1502za-silver-IDk99zI.html
Mario + Rabbids Kingdom Battle Nintendo Switch,120 lei,N/A,N/A,https://www.olx.ro/d/oferta/mario-rabbids-kingdom-battle-nintendo-switch-IDj0o9u.html
Husă pentru Nintendo Switch nou-nouță,40 lei,N/A,N/A,https://www.olx.ro/d/oferta/husa-pentru-nintendo-switch-nou-nouta-IDjhQrE.html
HyperX Cloud 3 Wireless,550 lei,N/A,N/A,https://www.olx.ro/d/oferta/hyperx-cloud-3-wireless-IDjUkqe.html
Monitor portabil Premium 2.5K 120HZ SOTSU FlipAction Pro 16” Gen 2,150 lei,N/A,N/A,https://www.olx.ro/d/oferta/monitor-portabil-premium-2-5k-120hz-sotsu-flipaction-pro-16-gen-2-IDkaU7e.html
Controller Fightingbox (leverless tip snackbox sau hitbox),250 lei,N/A,N/A,https://www.olx.ro/d/oferta/controller-fightingbox-leverless-tip-snackbox-sau-hitbox-IDi1sfG.html
"Casti EPOS GTW 270 Hybrid – In-Ear, Wireless + Dongle Low-Latency",260 lei,N/A,N/A,https://www.olx.ro/d/oferta/casti-epos-gtw-270-hybrid-in-ear-wireless-dongle-low-latency-IDk2OG9.html
Husa Calatorie Nintendo Switch,80 lei,N/A,N/A,https://www.olx.ro/d/oferta/husa-calatorie-nintendo-switch-IDk6oxK.html
Combo Gaming: Căști ASUS ROG Delta Core + Placă Sunet Creative Sound B,380 lei,N/A,N/A,https://www.olx.ro/d/oferta/combo-gaming-casti-asus-rog-delta-core-placa-sunet-creative-sound-b-IDk7OCO.html
ASUS Vivobook X1502ZA_X1502ZA Silver,N/A,N/A,N/A,https://www.olx.ro/d/oferta/asus-vivobook-x1502za-x1502za-silver-IDk99zI.html
Mario + Rabbids Kingdom Battle Nintendo Switch,120 lei,N/A,N/A,https://www.olx.ro/d/oferta/mario-rabbids-kingdom-battle-nintendo-switch-IDj0o9u.html
Husă pentru Nintendo Switch nou-nouță,40 lei,N/A,N/A,https://www.olx.ro/d/oferta/husa-pentru-nintendo-switch-nou-nouta-IDjhQrE.html
HyperX Cloud 3 Wireless,550 lei,N/A,N/A,https://www.olx.ro/d/oferta/hyperx-cloud-3-wireless-IDjUkqe.html
Monitor portabil Premium 2.5K 120HZ SOTSU FlipAction Pro 16” Gen 2,150 lei,N/A,N/A,https://www.olx.ro/d/oferta/monitor-portabil-premium-2-5k-120hz-sotsu-flipaction-pro-16-gen-2-IDkaU7e.html
Controller Fightingbox (leverless tip snackbox sau hitbox),250 lei,N/A,N/A,https://www.olx.ro/d/oferta/controller-fightingbox-leverless-tip-snackbox-sau-hitbox-IDi1sfG.html
"Casti EPOS GTW 270 Hybrid – In-Ear, Wireless + Dongle Low-Latency",260 lei,N/A,N/A,https://www.olx.ro/d/oferta/casti-epos-gtw-270-hybrid-in-ear-wireless-dongle-low-latency-IDk2OG9.html
